IP,Date,Time,Accepted-cookies,Device type,Browser anguage,Browser name,OS Name,Country,Region,RegionName,City,Zipcode,Lat,Lon
49.36.83.154,2023-06-10,11:24:47 UTC,necessary,desktop,en,Chrome,Linux,India,GJ,Gujarat,Surat,395007,21.1888,72.8293
106.222.219.246,2026-03-25,09:27:55 UTC,necessary,mobile,en,Chrome,Android,India,MP,Madhya Pradesh,Indore,452001,22.717,75.8337
106.222.216.117,2026-03-25,10:08:50 UTC,necessary,desktop,en,Chrome,Windows,India,MP,Madhya Pradesh,Bhopal,462001,23.2505,77.4065
103.9.14.240,2026-03-26,08:57:35 UTC,necessary,desktop,en,Chrome,Windows,India,MP,Madhya Pradesh,Indore,452001,22.717,75.8337
103.9.14.240,2026-03-26,08:59:49 UTC,necessary,desktop,en,Chrome,Windows,India,MP,Madhya Pradesh,Indore,452001,22.717,75.8337
103.9.14.240,2026-03-26,09:00:29 UTC,necessary,desktop,en,Edge,Windows,India,MP,Madhya Pradesh,Indore,452001,22.717,75.8337
103.9.14.240,2026-03-26,09:00:40 UTC,necessary,desktop,en,Chrome,Windows,India,MP,Madhya Pradesh,Indore,452001,22.717,75.8337
103.9.14.240,2026-03-26,09:00:59 UTC,necessary,desktop,en,Chrome,Windows,India,MP,Madhya Pradesh,Indore,452001,22.717,75.8337
103.9.14.240,2026-03-26,09:01:11 UTC,necessary,desktop,en,Chrome,Windows,India,MP,Madhya Pradesh,Indore,452001,22.717,75.8337
103.9.14.240,2026-03-26,09:01:43 UTC,necessary,desktop,en,Chrome,Windows,India,MP,Madhya Pradesh,Indore,452001,22.717,75.8337
103.9.14.240,2026-03-26,09:01:49 UTC,necessary,desktop,en,Chrome,Windows,India,MP,Madhya Pradesh,Indore,452001,22.717,75.8337
103.9.14.240,2026-03-26,09:02:04 UTC,necessary,desktop,en,Chrome,Windows,India,MP,Madhya Pradesh,Indore,452001,22.717,75.8337
103.9.14.240,2026-03-26,09:03:27 UTC,necessary,desktop,en,Chrome,Windows,India,MP,Madhya Pradesh,Indore,452001,22.717,75.8337
103.9.14.240,2026-03-26,09:05:38 UTC,necessary,desktop,en,Chrome,Windows,India,MP,Madhya Pradesh,Indore,452001,22.717,75.8337
103.9.14.240,2026-03-26,09:10:04 UTC,necessary,desktop,en,Chrome,Windows,India,MP,Madhya Pradesh,Indore,452001,22.717,75.8337
103.9.14.240,2026-03-26,09:11:58 UTC,necessary,desktop,en,Chrome,Windows,India,MP,Madhya Pradesh,Indore,452001,22.717,75.8337
103.9.14.240,2026-03-26,09:12:21 UTC,necessary,desktop,en,Chrome,Windows,India,MP,Madhya Pradesh,Indore,452001,22.717,75.8337
103.9.14.240,2026-03-26,09:12:22 UTC,necessary,desktop,en,Edge,Windows,India,MP,Madhya Pradesh,Indore,452001,22.717,75.8337
103.9.14.240,2026-03-26,09:14:02 UTC,necessary,desktop,en,Chrome,Windows,India,MP,Madhya Pradesh,Indore,452001,22.717,75.8337
103.9.14.240,2026-03-26,09:14:44 UTC,necessary,desktop,en,Edge,Windows,India,MP,Madhya Pradesh,Indore,452001,22.717,75.8337
103.9.14.240,2026-03-26,09:15:10 UTC,necessary,desktop,en,Chrome,Windows,India,MP,Madhya Pradesh,Indore,452001,22.717,75.8337
103.9.14.240,2026-03-26,09:15:20 UTC,necessary,desktop,en,Chrome,Windows,India,MP,Madhya Pradesh,Indore,452001,22.717,75.8337
103.9.14.240,2026-03-26,09:15:47 UTC,necessary,desktop,en,Chrome,Windows,India,MP,Madhya Pradesh,Indore,452001,22.717,75.8337
103.9.14.240,2026-03-26,09:16:27 UTC,necessary,desktop,en,Chrome,Windows,India,MP,Madhya Pradesh,Indore,452001,22.717,75.8337
103.9.14.240,2026-03-26,09:25:17 UTC,necessary,desktop,en,Chrome,Windows,India,MP,Madhya Pradesh,Indore,452001,22.717,75.8337
103.9.14.240,2026-03-26,09:25:27 UTC,necessary,desktop,en,Chrome,Windows,India,MP,Madhya Pradesh,Indore,452001,22.717,75.8337
103.9.14.240,2026-03-26,09:25:48 UTC,necessary,desktop,en,Chrome,Windows,India,MP,Madhya Pradesh,Indore,452001,22.717,75.8337
103.9.14.240,2026-03-26,09:25:51 UTC,necessary,desktop,en,Chrome,Windows,India,MP,Madhya Pradesh,Indore,452001,22.717,75.8337
103.9.14.240,2026-03-26,09:26:26 UTC,necessary,desktop,en,Chrome,Windows,India,MP,Madhya Pradesh,Indore,452001,22.717,75.8337
103.9.14.240,2026-03-26,09:27:20 UTC,necessary,desktop,en,Chrome,Windows,India,MP,Madhya Pradesh,Indore,452001,22.717,75.8337
103.9.14.240,2026-03-26,09:28:42 UTC,necessary,desktop,en,Chrome,Windows,India,MP,Madhya Pradesh,Indore,452001,22.717,75.8337
103.9.14.240,2026-03-26,09:29:53 UTC,necessary,desktop,en,Chrome,Windows,India,MP,Madhya Pradesh,Indore,452001,22.717,75.8337
103.9.14.240,2026-03-26,09:33:16 UTC,necessary,desktop,en,Chrome,Windows,India,MP,Madhya Pradesh,Indore,452001,22.717,75.8337
103.9.14.240,2026-03-26,09:33:49 UTC,necessary,desktop,en,Edge,Windows,India,MP,Madhya Pradesh,Indore,452001,22.717,75.8337
103.9.14.240,2026-03-26,09:35:49 UTC,necessary,desktop,en,Chrome,Windows,India,MP,Madhya Pradesh,Indore,452001,22.717,75.8337
103.9.14.240,2026-03-26,09:37:23 UTC,necessary,desktop,en,Edge,Windows,India,MP,Madhya Pradesh,Indore,452001,22.717,75.8337
103.9.14.240,2026-03-26,09:43:10 UTC,necessary,desktop,en,Chrome,Windows,India,MP,Madhya Pradesh,Indore,452001,22.717,75.8337
103.9.14.240,2026-03-26,09:47:03 UTC,necessary,desktop,en,Chrome,Windows,India,MP,Madhya Pradesh,Indore,452001,22.717,75.8337
103.9.14.240,2026-03-26,09:47:12 UTC,necessary,desktop,en,Chrome,Windows,India,MP,Madhya Pradesh,Indore,452001,22.717,75.8337
103.9.14.240,2026-03-26,09:50:35 UTC,necessary,desktop,en,Chrome,Windows,India,MP,Madhya Pradesh,Indore,452001,22.717,75.8337
103.9.14.240,2026-03-26,12:15:54 UTC,necessary,desktop,en,Chrome,OS X,India,MP,Madhya Pradesh,Indore,452001,22.717,75.8337
103.9.14.240,2026-03-27,09:48:20 UTC,necessary,desktop,en,Chrome,Windows,India,MP,Madhya Pradesh,Indore,452001,22.717,75.8337
103.9.14.240,2026-03-27,09:49:37 UTC,necessary,mobile,en,Chrome,Android,India,MP,Madhya Pradesh,Indore,452001,22.717,75.8337
103.9.14.240,2026-03-27,12:48:11 UTC,necessary,desktop,en,Chrome,Windows,India,MP,Madhya Pradesh,Indore,452001,22.717,75.8337
103.9.14.240,2026-03-28,05:55:55 UTC,necessary,desktop,en,Edge,Windows,India,MP,Madhya Pradesh,Indore,452001,22.717,75.8337
